region_id,country_name,income_id,gdp,food_organic_waste_percent,glass_percent,metal_percent,other_percent,plastic_percent,population,e_waste_tons_year,total_solid_waste_generated_tons_year,waste_treatment_recycling_percent,msw_per_capita,gdp_per_capita,ewaste_per_capita,msw_gdp_ratio,mswpc_gdppc_ratio,ewaste_gdp_ratio,ewastepc_gdppc_ratio
LCN,Aruba,HIC,3056000000.0,,,,0.0,,103187.0,,88132.02,11.0,0.8541000319807728,29616.13381530619,,2.8839011780104713e-05,2.8839011780104713e-05,,
SAS,Afghanistan,LIC,21413614653.0,,,,0.0,,34656032.0,20000.0,5628525.37,,0.1624111314878749,617.8899723141992,0.0005771001134809664,0.00026284798065194737,0.0002628479806519473,9.339852390216635e-07,9.339852390216635e-07
SSF,Angola,LMC,103042000000.0,51.8,6.7,4.4,23.4,13.5,25096150.0,92000.0,4213643.59,,0.16790000019923373,4105.888751860345,0.003665900944965662,4.08924864618311e-05,4.08924864618311e-05,8.928398128918306e-07,8.928398128918305e-07
ECS,Albania,UMC,13471082475.0,51.4,4.5,4.8,29.71,9.6,2880703.0,20000.0,1142964.0,,0.3967656506068137,4676.317716543496,0.006942749738518688,8.484574288080736e-05,8.484574288080736e-05,1.4846616845466237e-06,1.4846616845466237e-06
ECS,Andorra,HIC,3319880351.0,31.2,8.2,2.6,46.7,11.3,82431.0,,43000.0,,0.5216484089723527,40274.6582111099,,1.2952274014046237e-05,1.2952274014046237e-05,,
MEA,United Arab Emirates,HIC,384222000000.0,39.0,4.0,3.0,35.0,19.0,9269612.0,134000.0,5413453.41,20.0,0.5840000002157588,41449.63133300509,0.014455836986488755,1.4089389493574028e-05,1.408938949357403e-05,3.4875670836131194e-07,3.4875670836131194e-07
LCN,Argentina,HIC,447518000000.0,38.74,3.16,1.84,41.62,14.61,42981515.0,291700.0,17910550.0,6.0,0.4167035526784014,10411.871242788906,0.006786638395598666,4.0021965596914535e-05,4.002196559691454e-05,6.518173570672018e-07,6.518173570672018e-07
ECS,Armenia,UMC,11501998666.0,57.0,3.2,3.4,25.0,11.4,2906220.0,14000.0,492800.0,,0.16956734177040966,3957.717814205394,0.004817254027568457,4.2844727626053436e-05,4.2844727626053436e-05,1.2171797621037908e-06,1.217179762103791e-06
EAS,American Samoa,UMC,534555066.1,19.7,3.4,7.9,56.2,12.8,55599.0,,18989.49,,0.3415437328009497,9614.472672170363,,3.552391737401963e-05,3.552391737401963e-05,,
LCN,Antigua and Barbuda,HIC,1344373698.0,46.0,7.0,7.0,27.0,13.0,96777.0,1100.0,30585.0,,0.31603583496078613,13891.458693697883,0.011366337042892423,2.2750370708308815e-05,2.2750370708308815e-05,8.182248742566518e-07,8.182248742566518e-07
EAS,Australia,HIC,1349300000000.0,48.44,3.81,19.38,20.76,7.61,23789338.0,574000.0,13300000.0,42.1,0.5590739851609153,56718.68632914459,0.024128456201681612,9.856962869636108e-06,9.856962869636108e-06,4.2540576595271623e-07,4.254057659527163e-07
ECS,Austria,HIC,420040000000.0,31.4,7.0,4.4,46.1,11.1,8633169.0,166174.0,4840000.0,25.66,0.5606284320392663,48654.20797392012,0.019248320054895254,1.1522712122654986e-05,1.1522712122654986e-05,3.956147033615846e-07,3.9561470336158465e-07
ECS,Azerbaijan,UMC,57195531762.0,45.19,5.28,3.49,38.17,7.87,9649341.0,63000.0,2930349.0,,0.3036838474254356,5927.4028933167565,0.006528943271877323,5.123387981064086e-05,5.123387981064086e-05,1.1014846450270511e-06,1.1014846450270511e-06
SSF,Burundi,LIC,2297241392.0,81.0,2.9,2.1,10.5,3.5,6741569.0,5000.0,1872016.0,,0.2776825394800528,340.75767703334344,0.0007416671104308211,0.0008148973836703357,0.0008148973836703356,2.1765235544737217e-06,2.1765235544737213e-06
ECS,Belgium,HIC,515103000000.0,14.18,3.1,1.91,66.73,13.94,11274196.0,603575.0,4710000.0,34.3,0.41776814949819924,45688.668176426945,0.053535968329803736,9.143802307499664e-06,9.143802307499666e-06,1.171755940074121e-06,1.171755940074121e-06
SSF,Benin,LIC,9102277423.0,52.1,1.6,1.6,37.4,7.3,5521763.0,8200.0,685936.01,25.0,0.12422409473206293,1648.4368168282485,0.0014850329505268517,7.53587237702456e-05,7.53587237702456e-05,9.008734428682552e-07,9.008734428682553e-07
SSF,Burkina Faso,LIC,12380518526.0,21.0,1.0,1.0,68.0,9.0,18110624.0,11000.0,2575251.11,12.0,0.1421956035308336,683.6052985253297,0.0006073782990580557,0.00020800834024776774,0.00020800834024776774,8.884926731379781e-07,8.884926731379781e-07
SAS,Bangladesh,LMC,167771000000.0,80.58,0.44,0.5,13.81,4.67,155727053.0,142000.0,14778497.33,,0.09490000000192644,1077.3401073736366,0.000911851841182662,8.808731741480947e-05,8.808731741480947e-05,8.463918078809806e-07,8.463918078809806e-07
ECS,Bulgaria,UMC,56792405577.0,24.35,5.83,1.98,55.73,12.15,7177991.0,53785.0,3010000.0,19.03,0.41933738841411194,7912.019613426653,0.00749304366639635,5.300004409777988e-05,5.300004409777988e-05,9.470456384714587e-07,9.470456384714588e-07
MEA,Bahrain,HIC,31769062885.0,59.1,3.4,2.1,28.0,7.4,1425171.0,20000.0,951942.97,8.0,0.6679500003859186,22291.404249033974,0.014033403710852944,2.9964464908704216e-05,2.9964464908704216e-05,6.295432783899695e-07,6.295432783899695e-07
LCN,The Bahamas,HIC,10343803832.0,46.0,7.0,7.0,27.0,13.0,386838.0,4900.0,264000.0,,0.6824562219843966,26739.368500509256,0.012666801089861906,2.5522525783336995e-05,2.5522525783336995e-05,4.7371354673617907e-07,4.7371354673617907e-07
ECS,Bosnia and Herzegovina,UMC,18929698720.0,,,,100.0,,3535961.0,1409.0,1248718.0,0.0,0.353148125785324,5353.480629452644,0.00039847724564835414,6.596607893609412e-05,6.596607893609412e-05,7.443330297229369e-08,7.443330297229367e-08
ECS,Belarus,UMC,59187019676.0,30.0,8.0,2.0,48.0,12.0,9489616.0,72000.0,4280000.0,16.0,0.4510193036261952,6237.029999527905,0.007587240621749078,7.231315284042788e-05,7.231315284042788e-05,1.2164829449791604e-06,1.2164829449791606e-06
LCN,Belize,UMC,1602671549.0,47.0,8.0,5.0,21.0,19.0,359288.0,2300.0,101378.83,,0.28216592260248047,4460.687662822026,0.006401549731691568,6.325614881181123e-05,6.325614881181121e-05,1.4351037812052656e-06,1.4351037812052654e-06
LCN,Bolivia,LMC,26758341469.0,55.2,2.9,2.5,29.2,10.19,10724705.0,35392.0,2219052.0,12.11,0.20691030662381857,2495.0188810787804,0.0033000441503985424,8.29293550413358e-05,8.29293550413358e-05,1.3226529768671292e-06,1.3226529768671292e-06
LCN,Brazil,UMC,2256910000000.0,51.4,2.4,2.9,29.8,13.5,205962108.0,1411900.0,79889010.0,1.4,0.38788207586222606,10957.889399733664,0.006855144442394229,3.539751695902805e-05,3.539751695902805e-05,6.255898551559434e-07,6.255898551559434e-07
LCN,Barbados,HIC,4637855785.0,18.3,3.7,4.9,56.1,17.1,280601.0,3800.0,174815.44,9.0,0.6230036243634199,16528.29385853935,0.0135423608611516,3.769315996530065e-05,3.769315996530064e-05,8.193441487098763e-07,8.193441487098763e-07
EAS,Brunei,HIC,13301457675.0,36.0,3.0,4.0,41.0,16.0,423196.0,7700.0,216253.16,,0.5110000094518852,31430.962662690574,0.01819487896861029,1.6257854235513326e-05,1.6257854235513326e-05,5.788839229607217e-07,5.788839229607217e-07
SAS,Bhutan,LMC,2234759342.0,58.0,4.0,1.0,24.0,13.0,686958.0,1457.5,111314.05,0.86,0.16203909118170254,3253.123687328774,0.0021216726495651844,4.981030749395118e-05,4.9810307493951186e-05,6.521955060698432e-07,6.521955060698434e-07
SSF,Botswana,UMC,16843294913.0,8.1,,0.1,91.9,,2014866.0,16000.0,210854.44,1.0,0.10464936129747586,8359.51120967846,0.00794097473479626,1.2518598118071199e-05,1.2518598118071199e-05,9.499329010531586e-07,9.499329010531589e-07
SSF,Central African Republic,LIC,1496562092.0,,,,0.0,,4515392.0,2700.0,1105983.0,,0.24493620930364407,331.43569639136535,0.0005979547290689269,0.0007390157788387974,0.0007390157788387975,1.8041349666900424e-06,1.8041349666900424e-06
NAC,Canada,HIC,1828000000000.0,24.0,6.0,13.0,55.0,3.0,35544564.0,724000.0,25103034.0,20.59,0.7062411568756336,51428.39844652476,0.020368796758908056,1.3732513129102844e-05,1.3732513129102844e-05,3.9606126914660834e-07,3.960612691466083e-07
ECS,Switzerland,HIC,642090000000.0,29.0,4.0,3.0,49.0,15.0,8372098.0,184000.0,6060000.0,32.0,0.7238329030548855,76694.03774298867,0.02197776471321764,9.437929262252955e-06,9.437929262252957e-06,2.865641888208818e-07,2.865641888208818e-07
LCN,Chile,HIC,267904000000.0,53.3,6.6,2.3,28.4,9.4,16829442.0,176000.0,6520000.0,0.37,0.38741629104518144,15918.76902395219,0.010457863071158272,2.433707596751075e-05,2.4337075967510752e-05,6.569517439082657e-07,6.569517439082657e-07
EAS,China,UMC,9505160000000.0,61.2,2.1,1.1,25.8,9.8,1370000000.0,7210000.0,210000000.0,,0.15328467153284672,6938.07299270073,0.005262773722627737,2.2093263027660765e-05,2.209326302766077e-05,7.585353639496863e-07,7.585353639496863e-07
SSF,Ivory Coast,LMC,36796468787.0,,,,0.0,,20401331.0,22000.0,4440814.27,3.0,0.21767277193826223,1803.6307918831374,0.0010783610147788887,0.00012068588145525845,0.00012068588145525845,5.978834579847642e-07,5.978834579847642e-07
SSF,Cameroon,LMC,35051979601.0,83.4,0.1,0.7,12.5,3.3,21655715.0,19000.0,3270616.59,0.4,0.15102787370447016,1618.6018148558014,0.0008773665519702305,9.330761421265611e-05,9.330761421265611e-05,5.420521241960882e-07,5.420521241960881e-07
SSF,Democratic Republic of the Congo,LIC,32089998961.0,,,,0.0,,78736153.0,,14385226.02,4.9,0.18270166209415895,407.5637142317583,,0.00044827754707885234,0.00044827754707885234,,
SSF,Republic of Congo,LMC,14205686708.0,,,,0.0,,2648507.0,,451200.0,26.2,0.170360131198445,5363.658358463844,,3.1761928111923276e-05,3.1761928111923276e-05,,
LCN,Colombia,UMC,366457000000.0,59.58,2.35,1.1,24.14,12.83,46406646.0,252200.0,12150120.0,17.2,0.26181853349194856,7896.649113577396,0.005434566419646013,3.3155649912540895e-05,3.31556499125409e-05,6.882117137890666e-07,6.882117137890666e-07
SSF,Comoros,LIC,611370805.2,50.0,2.0,4.0,39.0,5.0,777424.0,600.0,91013.0,,0.11706996439523348,786.4058804461915,0.0007717796209018502,0.00014886710197132584,0.00014886710197132584,9.814011315174262e-07,9.814011315174262e-07
SSF,Cabo Verde,LMC,1860165515.0,,,,0.0,,513979.0,2400.0,132555.0,,0.2578996418141597,3619.1469203994716,0.004669451475643947,7.125978786893058e-05,7.125978786893057e-05,1.2902077694951785e-06,1.2902077694951785e-06
LCN,Costa Rica,UMC,46551438317.0,58.0,1.0,2.0,28.0,11.0,4757575.0,35800.0,1460000.0,1.26,0.3068790297578073,9784.698783939297,0.007524841962554453,3.136315552825414e-05,3.136315552825414e-05,7.690417588434919e-07,7.690417588434919e-07
LCN,Cuba,UMC,100000000000.0,68.9,4.6,1.6,15.3,9.6,11303687.0,,2692691.98,9.49,0.23821360057121185,8846.671002125237,,2.69269198e-05,2.6926919799999996e-05,,
LCN,Cura√ßao,HIC,3128000000.0,,,,0.0,,153822.0,,24703.81,2.0,0.16059997919673388,20335.19262524216,,7.897637468030691e-06,7.897637468030691e-06,,
ECS,Cyprus,HIC,24311614955.0,41.47,2.66,3.25,37.85,14.77,1160985.0,18137.0,541000.0,13.31,0.4659836259727731,20940.507375202953,0.01562207952729794,2.22527380843014e-05,2.22527380843014e-05,7.460220159611359e-07,7.460220159611359e-07
ECS,Czech Republic,HIC,231340000000.0,62.3,2.4,8.4,24.7,2.2,10546059.0,79581.0,3340000.0,25.5,0.31670598467162,21936.156435309153,0.007546041606632393,1.4437624275957465e-05,1.4437624275957464e-05,3.4400017290567997e-07,3.4400017290567997e-07
ECS,Germany,HIC,3781700000000.0,30.0,10.0,1.4,45.7,13.0,81686611.0,2465085.0,51000000.0,47.83,0.624337322550938,46295.22456256632,0.030177344485499587,1.348599836052569e-05,1.3485998360525688e-05,6.518457307560092e-07,6.518457307560091e-07
MEA,Djibouti,LMC,3013000000.0,,,,0.0,,746221.0,900.0,114997.25,,0.15410615621913615,4037.677846107252,0.0012060770200785023,3.816702621971457e-05,3.816702621971457e-05,2.9870560902754727e-07,2.987056090275473e-07
LCN,Dominica,UMC,506021862.9,45.0,8.0,5.0,26.0,16.0,72400.0,,13176.0,,0.1819889502762431,6989.25225,,2.6038400642392482e-05,2.6038400642392482e-05,,
ECS,Denmark,HIC,347520000000.0,12.78,5.78,6.29,73.54,1.61,5683483.0,168614.0,4490000.0,27.27,0.7900085211832252,61145.60384890744,0.029667371222892723,1.29201197053407e-05,1.29201197053407e-05,4.851922191528545e-07,4.851922191528545e-07
LCN,Dominican Republic,UMC,73664129265.0,51.0,6.0,3.0,30.0,10.0,10528394.0,57000.0,4063910.0,8.2,0.3859952429591826,6996.710919538155,0.005413931127577483,5.516809932525577e-05,5.516809932525577e-05,7.737823085500364e-07,7.737823085500365e-07
MEA,Algeria,UMC,196035000000.0,54.4,1.2,2.8,24.7,16.9,40606052.0,252000.0,12378740.0,8.0,0.30484963177410107,4827.7286351305465,0.006205971464549176,6.314556074170428e-05,6.314556074170428e-05,1.2854847348687734e-06,1.2854847348687734e-06
LCN,Ecuador,UMC,85056519293.0,58.67,3.01,1.53,25.34,11.44,16144368.0,73000.0,5297211.14,12.9,0.32811511358016615,5268.494826988582,0.004521700694632333,6.227871989156216e-05,6.227871989156216e-05,8.582528488913579e-07,8.58252848891358e-07
MEA,Egypt,LMC,260816000000.0,56.0,4.0,2.0,25.0,13.0,87813257.0,497000.0,21000000.0,12.5,0.2391438459001697,2970.121014871365,0.005659737686304017,8.05165327280535e-05,8.05165327280535e-05,1.9055579412305994e-06,1.9055579412305994e-06
SSF,Eritrea,LIC,2006000000.0,,,,0.0,,4474690.0,3800.0,726957.37,,0.16245982850208618,448.2992117889731,0.0008492208398794106,0.0003623915104685942,0.0003623915104685942,1.8943170488534397e-06,1.8943170488534397e-06
ECS,Spain,HIC,1464510000000.0,49.0,8.0,3.0,31.0,9.0,46447697.0,1202597.0,20200000.0,16.84,0.43489777329541224,31530.303859844764,0.025891423637214996,1.3793009265897809e-05,1.3793009265897807e-05,8.211599784228172e-07,8.211599784228172e-07
ECS,Estonia,HIC,23808677023.0,36.7,8.3,2.6,33.8,18.6,1315407.0,34312.0,473000.0,24.74,0.35958452402944485,18099.85580356498,0.02608470230126493,1.986670656009428e-05,1.9866706560094276e-05,1.4411552547356339e-06,1.4411552547356339e-06
SSF,Ethiopia,LIC,52347226230.0,87.6,0.8,1.2,8.2,2.3,99873033.0,49000.0,6532786.97,,0.06541091998277453,524.137744269767,0.0004906229292145358,0.0001247971944357977,0.0001247971944357977,9.360572379653286e-07,9.360572379653285e-07
ECS,Finland,HIC,252692000000.0,35.88,9.24,1.7,51.69,1.45,5479531.0,212954.0,2740000.0,28.12,0.5000427956334219,46115.62558912433,0.03886354507347435,1.0843239991768635e-05,1.0843239991768635e-05,8.427413610244884e-07,8.427413610244881e-07
EAS,Fiji,UMC,3771168286.0,33.2,4.1,1.9,53.3,7.5,867086.0,4600.0,189389.59,5.45,0.21842076795150653,4349.243657491875,0.005305125443150968,5.022040270732166e-05,5.022040270732166e-05,1.2197811529856507e-06,1.219781152985651e-06
ECS,France,HIC,2806040000000.0,32.0,10.0,3.0,46.0,9.0,66624068.0,2218682.0,33400000.0,22.26,0.5013203336668064,42117.512247976214,0.03330150899821968,1.1902895183247566e-05,1.1902895183247566e-05,7.906808170945532e-07,7.906808170945531e-07
EAS,"Micronesia, Fed. Sts.",LMC,296282644.0,23.83,7.07,16.73,26.2,26.17,104937.0,200.0,26039.57,,0.24814479163688688,2823.4335267827364,0.0019059054480307233,8.78875983029232e-05,8.788759830292319e-05,6.750311030706206e-07,6.750311030706206e-07
SSF,Gabon,UMC,18912467101.0,,,,0.0,,1086137.0,14000.0,238102.31,,0.21921940786475372,17412.598135410175,0.01288971833203362,1.2589701212879324e-05,1.2589701212879322e-05,7.402524443392025e-07,7.402524443392024e-07
ECS,United Kingdom,HIC,2757620000000.0,16.7,2.2,3.5,57.4,20.2,65128861.0,3584126.0,31600000.0,27.25,0.48519196428139594,42340.98305511592,0.05503130171430451,1.1459156809132512e-05,1.1459156809132514e-05,1.2997171473952176e-06,1.2997171473952176e-06
ECS,Georgia,LMC,15189614351.0,39.0,3.0,5.0,50.0,3.0,3717100.0,21000.0,800000.0,,0.21522154367652202,4086.4153105915902,0.005649565521508703,5.266756492388054e-05,5.266756492388053e-05,1.382523579251864e-06,1.382523579251864e-06
SSF,Ghana,LMC,48199090352.0,67.0,0.0,1.0,28.0,4.0,21542009.0,39000.0,3538274.98,,0.1642500000812366,2237.4463937880632,0.0018104161037162318,7.340958001820839e-05,7.340958001820838e-05,8.09143901164552e-07,8.091439011645519e-07
SSF,Guinea,LIC,9667718427.0,58.0,1.0,1.0,36.0,4.0,8132552.0,8000.0,596911.0,5.0,0.07339774771805947,1188.7681046490695,0.0009837010571835262,6.174269601532325e-05,6.174269601532325e-05,8.274961730016467e-07,8.274961730016467e-07
SSF,"Gambia, The",LIC,1084318241.0,35.0,1.9,2.1,61.1,,1311349.0,2200.0,193440.54,,0.14751263012363605,826.8723589219956,0.0016776617056176502,0.00017839830843535538,0.0001783983084353554,2.028924642982189e-06,2.028924642982189e-06
SSF,Guinea-Bissau,LIC,1062488925.0,,,,0.0,,1770526.0,1000.0,289514.0,,0.16351863796408525,600.097894636961,0.0005648039057319689,0.00027248660497802363,0.0002724866049780237,9.41186281071118e-07,9.41186281071118e-07
SSF,Equatorial Guinea,UMC,15045964750.0,,,,0.0,,1221490.0,,198443.06,,0.16245983184471424,12317.714226068163,,1.3189121687926325e-05,1.3189121687926325e-05,,
ECS,Greece,HIC,244481000000.0,40.0,3.0,3.0,40.0,14.0,10892413.0,188460.0,5477424.0,19.0,0.5028659857095026,22445.072547285894,0.01730195136743346,2.2404293176156838e-05,2.240429317615684e-05,7.708574490451201e-07,7.708574490451202e-07
LCN,Grenada,UMC,931118693.5,27.1,3.1,2.4,51.0,16.4,105481.0,800.0,29536.11,,0.2800135569439046,8827.359368037845,0.007584304282287805,3.1721100871658096e-05,3.17211008716581e-05,8.591815475134159e-07,8.591815475134159e-07
ECS,Greenland,HIC,2823634004.0,42.8,7.1,2.0,45.8,2.4,56905.0,,50000.0,,0.8786574114752658,49620.138898163605,,1.770767738636427e-05,1.770767738636427e-05,,
LCN,Guatemala,UMC,51421926688.0,37.71,4.39,,40.6,17.29,16252429.0,55000.0,2756740.97,,0.16962024384170515,3163.9533197160868,0.0033841095383342393,5.361022325605164e-05,5.361022325605164e-05,1.0695826380390175e-06,1.0695826380390175e-06
EAS,Guam,HIC,5214914976.0,27.3,4.6,9.0,46.7,12.4,159973.0,,141500.0,17.85,0.8845242634694604,32598.719633938228,,2.7133711796109636e-05,2.7133711796109636e-05,,
LCN,Guyana,UMC,2925825406.0,50.1,4.7,4.2,26.8,14.2,746556.0,5000.0,179251.5,0.54,0.24010456014016363,3919.0970349176755,0.006697421224931552,6.12652756491923e-05,6.12652756491923e-05,1.7089194692706144e-06,1.7089194692706142e-06
EAS,Hong Kong S.A.R.,HIC,270105000000.0,35.0,3.0,2.0,39.0,21.0,7305700.0,70000.0,5679816.47,34.0,0.7774500006843971,36971.81652682152,0.009581559604144708,2.1028179670868735e-05,2.1028179670868735e-05,2.591584754077118e-07,2.5915847540771176e-07
LCN,Honduras,LMC,19545909275.0,57.9,1.27,2.11,24.31,14.41,9112867.0,1700.0,2162027.7,,0.23725000046637357,2144.8693671267233,0.0001865494141415649,0.00011061279726522215,0.00011061279726522215,8.697472069894278e-08,8.697472069894276e-08
ECS,Croatia,HIC,61095271083.0,30.9,3.7,2.1,40.4,22.9,4203604.0,58078.0,1650000.0,16.32,0.3925203230370891,14534.021540325874,0.013816239588695794,2.7007000226882028e-05,2.7007000226882024e-05,9.506136722283966e-07,9.506136722283965e-07
LCN,Haiti,LIC,7911616492.0,61.3,1.6,2.5,21.9,12.7,10847334.0,6000.0,2309852.46,,0.21294195052904244,729.3604577862174,0.0005531313039683299,0.00029195708137972265,0.00029195708137972265,7.583785192402878e-07,7.583785192402877e-07
ECS,Hungary,HIC,147183000000.0,22.5,3.5,1.8,59.3,13.0,9843028.0,50066.0,3710000.0,25.94,0.3769165342209735,14953.02055424408,0.0050864429116731155,2.5206715449474464e-05,2.5206715449474467e-05,3.401615675723419e-07,3.401615675723419e-07
EAS,Indonesia,LMC,1037860000000.0,53.8,2.5,1.8,27.8,14.0,261115456.0,1270000.0,65200000.0,7.0,0.249697972685309,3974.716839435196,0.004863748854453105,6.282157516428035e-05,6.282157516428035e-05,1.2236717861753993e-06,1.2236717861753995e-06
SAS,India,LMC,2466180000000.0,,,,0.0,,1071477855.0,1700000.0,168403240.0,5.0,0.15716912786778967,2301.6621281454295,0.0015865936865302737,6.82850562408259e-05,6.82850562408259e-05,6.893251911863692e-07,6.893251911863692e-07
ECS,Ireland,HIC,332361000000.0,16.6,8.5,3.7,58.8,12.4,4586897.0,212874.0,2692537.0,33.0,0.5870062048482885,72458.78858845097,0.04640915198226601,8.101242323858697e-06,8.101242323858695e-06,6.404903102349553e-07,6.404903102349553e-07
MEA,Iran,UMC,540581000000.0,72.9,1.9,2.3,14.7,8.5,80277428.0,630000.0,17900000.0,5.0,0.22297675007724463,6733.910309134468,0.007847785058584588,3.311252152776365e-05,3.311252152776365e-05,1.1654127688542512e-06,1.1654127688542514e-06
MEA,Iraq,UMC,213938000000.0,68.7,2.3,0.98,22.47,5.29,36115649.0,221000.0,13100000.0,,0.36272364924135797,5923.692524534171,0.006119231029186268,6.123269358412251e-05,6.123269358412251e-05,1.0330095635184025e-06,1.0330095635184025e-06
ECS,Iceland,HIC,16434890343.0,10.0,,,81.0,9.0,330815.0,7600.0,525000.0,55.81,1.5869897072381844,49680.0034551033,0.02297356528573372,3.19442350416174e-05,3.19442350416174e-05,4.6243083107865187e-07,4.624308310786519e-07
MEA,Israel,HIC,287808000000.0,34.0,3.0,3.0,42.0,18.0,8380100.0,120000.0,5400000.0,25.0,0.6443837185713774,34344.22023603537,0.014319638190475053,1.8762508338892594e-05,1.8762508338892594e-05,4.1694462975316876e-07,4.1694462975316876e-07
ECS,Italy,HIC,2080640000000.0,34.4,7.6,4.3,42.0,11.6,60730582.0,2800026.0,29500000.0,25.9,0.4857519725399635,34260.168954086424,0.04610570009027742,1.417832974469394e-05,1.4178329744693942e-05,1.3457522685327591e-06,1.3457522685327593e-06
LCN,Jamaica,UMC,13801803130.0,62.22,2.81,2.38,20.39,12.2,2881355.0,17000.0,1051694.58,,0.36500000173529473,4790.039106600888,0.005900001908824147,7.619979578711756e-05,7.619979578711756e-05,1.231723119064661e-06,1.231723119064661e-06
MEA,Jordan,UMC,30811666897.0,50.0,2.0,1.5,30.5,16.0,8413464.0,43000.0,2529997.0,7.0,0.3007081268785366,3662.1856225925494,0.005110855647566805,8.211165622611398e-05,8.211165622611398e-05,1.3955752586753665e-06,1.3955752586753663e-06
EAS,Japan,HIC,6052670000000.0,36.0,5.0,4.0,44.0,11.0,127000000.0,518978.0,44000000.0,4.9,0.3464566929133858,47658.81889763779,0.00408644094488189,7.269519071748501e-06,7.269519071748502e-06,8.574364701858849e-08,8.57436470185885e-08
ECS,Kazakhstan,UMC,188309000000.0,30.0,5.0,3.0,34.5,25.0,16791425.0,147000.0,4659740.0,2.92,0.27750712044987247,11214.593162879268,0.00875446842659274,2.4745179465665474e-05,2.4745179465665474e-05,7.806318338475591e-07,7.80631833847559e-07
SSF,Kenya,LMC,55409230682.0,57.0,3.0,1.0,20.3,18.7,41350152.0,17350.0,5595099.0,8.0,0.13531024021386912,1340.0006530084822,0.00041958733307679257,0.00010097774199593065,0.00010097774199593066,3.131247228385765e-07,3.1312472283857656e-07
ECS,Kyrgyz Republic,LMC,6346700788.0,,,,0.0,,5956900.0,7200.0,1113300.0,,0.1868925112054928,1065.436852725411,0.0012086823683459518,0.0001754139728951722,0.0001754139728951722,1.1344476824263359e-06,1.1344476824263359e-06
EAS,Cambodia,LMC,17009386902.0,66.6,2.6,2.0,20.2,8.6,15270790.0,14000.0,1090000.0,,0.07137810159133876,1113.8511433920576,0.00091678295621903,6.408226271058808e-05,6.40822627105881e-05,8.230749338974616e-07,8.230749338974617e-07
EAS,Kiribati,LMC,192869131.3,43.6,5.5,10.0,24.4,16.5,114395.0,100.0,35723.83,,0.3122848900738669,1685.9926683858562,0.0008741640805979283,0.0001852231601771102,0.00018522316017711022,5.184862882202446e-07,5.184862882202446e-07
LCN,St. Kitts and Nevis,HIC,858344680.0,27.2,8.1,8.8,32.7,23.2,54288.0,700.0,32892.14,,0.6058823312702623,15810.946802239905,0.012894193928676688,3.8320433232020495e-05,3.8320433232020495e-05,8.155231998408844e-07,8.155231998408845e-07
EAS,South Korea,HIC,1305950000000.0,30.0,2.5,2.6,41.0,24.3,50746659.0,570635.0,18218975.0,58.0,0.3590182163519376,25734.699106004202,0.011244779680963825,1.395074466863203e-05,1.395074466863203e-05,4.369501129445997e-07,4.369501129445997e-07
MEA,Kuwait,HIC,142857000000.0,45.0,4.0,2.0,30.0,20.0,2998083.0,67000.0,1750000.0,,0.5837063216728823,47649.447997270254,0.022347613458333207,1.225001225001225e-05,1.225001225001225e-05,4.69000469000469e-07,4.69000469000469e-07
EAS,Lao PDR,LMC,11102149875.0,16.9,9.3,3.7,63.6,6.1,6663967.0,7500.0,351900.0,10.0,0.0528063839451786,1665.9971267864921,0.0011254557533073018,3.1696563635158094e-05,3.16965636351581e-05,6.755448345089108e-07,6.755448345089109e-07
MEA,Lebanon,UMC,42911390492.0,52.5,3.5,5.5,27.0,11.5,5603279.0,51000.0,2040000.0,8.0,0.36407253681281976,7658.2641149940955,0.009101813420320494,4.7539825128256296e-05,4.7539825128256296e-05,1.1884956282064075e-06,1.1884956282064075e-06
SSF,Liberia,LIC,1627046588.0,,,,0.0,,3512932.0,,564466.7,,0.16068250111303037,463.1591468323326,,0.0003469271895243358,0.00034692718952433586,,
MEA,Libya,UMC,36808842591.0,70.1,3.1,4.3,11.8,7.5,6193501.0,70000.0,2147596.47,,0.3467499997174458,5943.139847882482,0.011302169806705448,5.8344580237497104e-05,5.8344580237497104e-05,1.901716953662527e-06,1.901716953662527e-06
LCN,St. Lucia,UMC,1489854701.0,45.0,7.0,5.0,21.0,22.0,177206.0,1600.0,77616.23,,0.43800001128629956,8407.473228897441,0.009029039648770358,5.209650977904321e-05,5.2096509779043215e-05,1.0739302288512228e-06,1.0739302288512228e-06
ECS,Liechtenstein,HIC,6877000000.0,37.6,5.0,12.5,39.4,5.4,36545.0,293.0,32382.0,64.6,0.8860856478314407,188178.9574497195,0.008017512655630046,4.708739275847026e-06,4.708739275847027e-06,4.2605787407299696e-08,4.26057874072997e-08
SAS,Sri Lanka,LMC,79907042295.0,62.0,2.0,3.0,26.0,7.0,21200000.0,72.5,2631650.0,12.79,0.12413443396226415,3769.200108254717,3.4198113207547168e-06,3.2933893239152835e-05,3.293389323915283e-05,9.073042615235994e-10,9.073042615235993e-10
SSF,Lesotho,LMC,2980616573.0,,,,0.0,,1965662.0,1800.0,73457.0,,0.03737010737349555,1516.3423686269562,0.0009157220315598511,2.4644900879037015e-05,2.464490087903702e-05,6.039018961061115e-07,6.039018961061115e-07
ECS,Lithuania,HIC,45735444769.0,40.4,8.65,2.75,54.7,10.15,2904910.0,82691.0,1300000.0,22.92,0.44751816751637746,15744.186487361054,0.028465942146228284,2.8424343669686026e-05,2.8424343669686026e-05,1.8080287710692362e-06,1.8080287710692364e-06
ECS,Luxembourg,HIC,63207264513.0,30.0,4.0,2.0,46.0,18.0,569604.0,7398.0,356000.0,28.37,0.6249956109858779,110967.03062654054,0.012987970590094171,5.63226399280071e-06,5.63226399280071e-06,1.1704350847960577e-07,1.1704350847960578e-07
ECS,Latvia,HIC,28871503534.0,46.7,21.4,2.6,21.8,7.7,1977527.0,25071.0,857000.0,21.23,0.43336955702753993,14599.802447197939,0.01267795585091885,2.9683248016189028e-05,2.9683248016189028e-05,8.683648903312429e-07,8.68364890331243e-07
EAS,"Macao SAR, China",HIC,31920853732.0,3.1,3.3,1.7,84.1,7.9,612167.0,11000.0,377942.0,20.0,0.6173838184678364,52144.028887542125,0.017968952916442734,1.1839971548791031e-05,1.1839971548791031e-05,3.446023120920706e-07,3.4460231209207055e-07
MEA,Morocco,LMC,114784000000.0,60.0,2.0,2.5,15.0,8.0,34318082.0,30300.0,6850000.0,8.0,0.1996032295744267,3344.7090662001447,0.0008829164753438144,5.967730694173404e-05,5.9677306941734045e-05,2.6397407304153887e-07,2.639740730415389e-07
ECS,Monaco,HIC,718000000.0,,3.0,2.2,2.2,1.0,37783.0,,46000.0,5.4,1.217478760289019,19003.255432337293,,6.406685236768802e-05,6.406685236768803e-05,,
ECS,Moldova,LMC,7354798041.0,55.0,4.0,3.0,28.0,10.0,3554108.0,6300.0,3981200.0,15.32,1.120168548620357,2069.3794451378517,0.0017725966684186299,0.0005413065019333548,0.0005413065019333547,8.565836838591718e-07,8.565836838591718e-07
SSF,Madagascar,LIC,10356200861.0,,,,0.0,,24894551.0,14000.0,3768759.16,,0.15138891880395836,416.0027172612995,0.0005623720628662875,0.0003639132931645444,0.0003639132931645444,1.3518470902512171e-06,1.3518470902512171e-06
SAS,Maldives,UMC,3600398618.0,24.0,,1.0,72.0,3.0,409163.0,3003.95,211505.78,,0.5169230355628441,8799.42374554884,0.0073416951190601295,5.874510087371664e-05,5.874510087371664e-05,8.343381716074195e-07,8.343381716074194e-07
LCN,Mexico,UMC,1259040000000.0,52.4,5.9,3.4,25.9,10.9,125890949.0,957900.0,53100000.0,5.0,0.42179362711770485,10001.036690890303,0.007608966392015998,4.217499046892871e-05,4.217499046892871e-05,7.608177659168891e-07,7.608177659168891e-07
EAS,Marshall Islands,UMC,179041793.9,8.0,2.0,6.0,71.0,13.0,52793.0,,8614.0,30.8,0.16316557119315062,3391.3926827420305,,4.81116716514311e-05,4.81116716514311e-05,,
ECS,"Macedonia, FYR",UMC,10924716122.0,29.3,4.1,2.5,50.2,13.9,2081206.0,1220.0,796585.0,0.18,0.3827516353498885,5249.223825993198,0.0005861985790930835,7.291585347429314e-05,7.291585347429314e-05,1.1167338229898584e-07,1.1167338229898583e-07
SSF,Mali,LIC,13421822111.0,17.5,1.0,3.5,76.0,2.0,16006670.0,12000.0,1937354.44,,0.1210341963693885,838.514326277733,0.000749687474034262,0.0001443436236881891,0.0001443436236881891,8.940663868704734e-07,8.940663868704735e-07
MEA,Malta,HIC,11868476821.0,52.0,6.0,4.0,27.5,12.0,431874.0,7643.0,269000.0,6.69,0.6228668546844681,27481.34136576872,0.017697291339603682,2.266508196940936e-05,2.2665081969409356e-05,6.439748010862295e-07,6.439748010862295e-07
EAS,Myanmar,LMC,74469832820.0,,,,0.0,,46095462.0,55000.0,4677306.53,,0.10147000001865694,1615.55670751277,0.0011931760224032466,6.28080707701527e-05,6.28080707701527e-05,7.385540952259117e-07,7.385540952259117e-07
ECS,Montenegro,UMC,4662831376.0,33.82,8.97,2.9,35.88,18.42,622159.0,6200.0,332000.0,5.42,0.5336256487489532,7494.597644653537,0.00996529825976961,7.120137384955265e-05,7.120137384955265e-05,1.329664210443453e-06,1.3296642104434532e-06
EAS,Mongolia,LMC,11825367387.0,22.7,,,62.8,14.5,3027398.0,14000.0,2900000.0,,0.9579183179747096,3906.1158747544923,0.004624433259188253,0.00024523550982340404,0.000245235509823404,1.1838955646647091e-06,1.183895564664709e-06
EAS,Northern Mariana Islands,HIC,1051785360.0,43.6,5.5,10.0,24.4,16.5,54036.0,,32761.41,36.0,0.6062885853875194,19464.530313124582,,3.114837993181423e-05,3.114837993181423e-05,,
SSF,Mozambique,LIC,14846071335.0,60.0,,,40.0,,27212382.0,17000.0,2500000.0,1.0,0.09186994361610828,545.5630945868686,0.0006247156165895363,0.00016839471827851082,0.00016839471827851082,1.1450840842938736e-06,1.1450840842938736e-06
SSF,Mauritania,LMC,5574151157.0,4.8,4.0,4.2,67.0,20.0,3506288.0,5100.0,454000.0,8.0,0.1294816626586293,1589.7585015834409,0.001454529690658611,8.144737866138925e-05,8.144737866138925e-05,9.14937513597104e-07,9.14937513597104e-07
SSF,Mauritius,UMC,12409842083.0,64.0,2.8,,21.0,12.4,1263473.0,11000.0,438000.0,,0.34666352189560046,9822.008133929257,0.008706161508793619,3.529456676970996e-05,3.529456676970996e-05,8.863932293762774e-07,8.863932293762774e-07
SSF,Malawi,LIC,8710223822.0,,,,0.0,,16577147.0,9500.0,1297844.48,,0.07829118484622233,525.4356387139476,0.0005730781056595565,0.00014900242594477844,0.00014900242594477844,1.090672317283651e-06,1.090672317283651e-06
EAS,Malaysia,UMC,344052000000.0,46.0,3.0,3.0,33.0,15.0,30228017.0,280000.0,12982685.0,17.5,0.4294917857165424,11381.891177314079,0.00926292981772506,3.773465929568786e-05,3.773465929568786e-05,8.138304674874728e-07,8.138304674874728e-07
SSF,Namibia,UMC,14950179757.0,,,,0.0,,1559983.0,14000.0,256729.0,4.5,0.1645716652040439,9583.552998333957,0.008974456772926371,1.7172301883513736e-05,1.7172301883513736e-05,9.364435898133529e-07,9.364435898133528e-07
SSF,Niger,LIC,8106889865.0,38.0,,1.0,59.0,2.0,8842415.0,7900.0,1865645.67,4.0,0.21098825038182442,916.8185235594575,0.0008934210846245059,0.00023013087646035264,0.00023013087646035264,9.74479748899364e-07,9.74479748899364e-07
SSF,Nigeria,LMC,456775000000.0,,3.1,,19.3,4.8,154402181.0,277000.0,27614830.07,,0.17884999998801832,2958.3455171530254,0.001794016109137733,6.045608903727218e-05,6.045608903727218e-05,6.064254830058563e-07,6.064254830058562e-07
LCN,Nicaragua,LMC,11955466051.0,,,,0.0,,5737723.0,10800.0,1528816.29,,0.2664499994161447,2083.6603738103076,0.0018822797824154286,0.0001278759258299365,0.00012787592582993654,9.033524878017322e-07,9.033524878017322e-07
ECS,Netherlands,HIC,890136000000.0,35.0,5.4,4.3,41.24,14.0,16939923.0,534410.0,8860000.0,24.61,0.5230248094988389,52546.63790384407,0.03154736889890231,9.95353519012825e-06,9.953535190128249e-06,6.003689323878598e-07,6.003689323878598e-07
ECS,Norway,HIC,472766000000.0,15.49,4.6,6.12,71.61,2.25,5188607.0,150000.0,2190000.0,26.16,0.4220786041417282,91116.17048660653,0.028909493434364945,4.632312814373284e-06,4.632312814373284e-06,3.172816996146085e-07,3.1728169961460845e-07
SAS,Nepal,LIC,19856634053.0,52.39,4.36,1.9,26.23,15.14,28982771.0,23000.0,1768977.49,,0.06103548518531924,685.1185503622135,0.0007935749138686567,8.90874800471401e-05,8.90874800471401e-05,1.1583030607609497e-06,1.1583030607609497e-06
EAS,Nauru,UMC,125930267.7,43.6,5.5,10.0,24.4,16.5,13049.0,,6191.75,,0.47449996168288755,9650.568449689632,,4.9168084155513945e-05,4.9168084155513945e-05,,
EAS,New Zealand,HIC,176129000000.0,28.0,4.0,4.5,56.0,8.0,4692700.0,95000.0,3410000.0,,0.7266605578877832,37532.55055724849,0.020244209090715365,1.936080940674165e-05,1.936080940674165e-05,5.393773881643568e-07,5.393773881643568e-07
MEA,Oman,HIC,75054356307.0,27.0,6.0,,46.0,21.0,3960925.0,59000.0,1734885.15,,0.438,18948.69413255742,0.01489551051837639,2.311504935041585e-05,2.3115049350415852e-05,7.860969423102936e-07,7.860969423102937e-07
SAS,Pakistan,LMC,227867000000.0,30.0,6.0,4.0,51.0,9.0,193203476.0,301000.0,30800000.0,8.0,0.15941742166170964,1179.4145981100257,0.0015579429844212534,0.0001351665664620151,0.0001351665664620151,1.3209459904242387e-06,1.3209459904242387e-06
LCN,Panama,HIC,44789036003.0,46.4,5.8,3.8,32.0,12.0,3969249.0,3200.0,1472262.22,,0.3709170727258481,11284.00763041069,0.0008061978475021346,3.2871040580140794e-05,3.2871040580140794e-05,7.144605657031024e-08,7.144605657031024e-08
LCN,Peru,UMC,193653000000.0,50.43,3.05,2.64,33.36,10.52,30973354.0,182000.0,8356711.13,4.0,0.2698032357102818,6252.24507491181,0.005876018464128877,4.315301663284328e-05,4.315301663284328e-05,9.398253577274816e-07,9.398253577274817e-07
EAS,Philippines,LMC,284349000000.0,52.31,2.34,4.22,30.59,10.55,103320222.0,290000.0,14631922.9,28.0,0.1416172228123939,2752.113714970531,0.002806807751535803,5.145762038902897e-05,5.145762038902898e-05,1.019873465354195e-06,1.019873465354195e-06
EAS,Palau,HIC,225308048.6,26.0,5.0,10.0,27.0,32.0,21503.0,200.0,9426.75,,0.4383923173510673,10477.9820769195,0.009301027763567874,4.1839384161263385e-05,4.1839384161263385e-05,8.87673570663556e-07,8.876735706635559e-07
EAS,Papua New Guinea,LMC,19389192291.0,31.0,,,58.6,10.0,7755785.0,7000.0,1000000.0,2.0,0.12893601356922607,2499.9651603287093,0.0009025520949845825,5.157512417183959e-05,5.15751241718396e-05,3.6102586920287714e-07,3.610258692028772e-07
ECS,Poland,HIC,572132000000.0,37.27,10.07,2.17,38.36,12.13,37986412.0,224452.0,10900000.0,26.39,0.28694471065074534,15061.490935232314,0.0059087444215578985,1.905154754497214e-05,1.905154754497214e-05,3.923080687673474e-07,3.923080687673474e-07
LCN,Puerto Rico,HIC,93028633826.0,13.1,2.4,10.4,63.7,10.4,3473181.0,946.44,4170953.0,14.0,1.2009028610947716,26784.850494690603,0.00027249947526489406,4.4835152667095125e-05,4.4835152667095125e-05,1.0173641824840873e-08,1.0173641824840873e-08
ECS,Portugal,HIC,231745000000.0,36.49,6.73,1.85,44.19,10.72,10401062.0,170078.0,4710000.0,16.23,0.4528383736199246,22280.89785446909,0.01635198405701264,2.0324063086582234e-05,2.0324063086582234e-05,7.339014865477141e-07,7.339014865477141e-07
LCN,Paraguay,UMC,26400622643.0,,,,0.0,,6639119.0,34200.0,1818501.37,,0.2739070304358154,3976.5249942048035,0.005151285885973726,6.888100309566627e-05,6.888100309566627e-05,1.2954239929287413e-06,1.2954239929287413e-06
MEA,West Bank and Gaza,LMC,11767216976.0,59.1,2.4,2.7,21.6,14.2,4046901.0,,1390000.0,0.5,0.343472696762288,2907.710610168126,,0.0001181247870957929,0.0001181247870957929,,
MEA,Qatar,HIC,170663000000.0,57.0,4.0,9.0,16.0,14.0,2109568.0,29000.0,1000990.02,3.0,0.4745000018961228,80899.50169892603,0.013746890358594745,5.8653019107832394e-06,5.8653019107832394e-06,1.6992552574371714e-07,1.6992552574371714e-07
ECS,Romania,UMC,200217000000.0,56.26,4.89,2.5,24.02,12.33,19815481.0,132268.0,4900000.0,5.67,0.24728140588663985,10104.069641307218,0.006674983059962057,2.447344631075283e-05,2.4473446310752835e-05,6.606232238021747e-07,6.606232238021747e-07
ECS,Russia,UMC,1654430000000.0,28.41,16.82,1.83,38.73,14.21,143201676.0,1390000.0,60000000.0,4.5,0.41898950959205256,11553.146905906326,0.009706590305549217,3.626626693181337e-05,3.626626693181337e-05,8.401685172536765e-07,8.401685172536765e-07
SSF,Rwanda,LIC,8805014649.0,,,,0.0,,11917508.0,5900.0,4384969.0,,0.36794344925130323,738.8301857233912,0.0004950699424745509,0.00049800814363188,0.00049800814363188,6.700727068830116e-07,6.700727068830116e-07
MEA,Saudi Arabia,HIC,690000000000.0,45.5,4.0,5.0,34.5,11.0,31557144.0,508000.0,16125700.58,15.0,0.5109999998732458,21865.096537253183,0.016097781218731327,2.337058055072464e-05,2.337058055072464e-05,7.36231884057971e-07,7.362318840579709e-07
SSF,Sudan,LMC,76149479953.0,51.4,3.5,1.7,30.7,12.7,38647803.0,51000.0,2831291.0,,0.07325878265318213,1970.344341514057,0.0013196092931854367,3.7180700403305354e-05,3.7180700403305354e-05,6.697353682714257e-07,6.697353682714257e-07
SSF,Senegal,LIC,16833353304.0,12.0,2.0,2.0,75.0,9.0,15411614.0,15000.0,2454059.25,,0.15923440919296317,1092.251162272816,0.0009732919602061146,0.00014578552506331927,0.00014578552506331924,8.910880517452008e-07,8.910880517452007e-07
EAS,Singapore,HIC,299170000000.0,10.51,0.93,19.12,58.88,10.58,5607283.0,100000.0,7704300.0,61.0,1.3739809458520285,53353.82572985883,0.0178339491693214,2.575224788581743e-05,2.5752247885817426e-05,3.342581141157202e-07,3.342581141157202e-07
EAS,Solomon Islands,LMC,900859048.9,42.8,6.65,13.15,15.05,22.35,563513.0,400.0,179971.96,,0.31937499223620397,1598.6482102453715,0.0007098327811425823,0.00019977815643829739,0.00019977815643829739,4.4402062729838003e-07,4.4402062729838e-07
SSF,Sierra Leone,LIC,3355384560.0,,,,0.0,,5439695.0,3400.0,610222.09,,0.11217946778266061,616.833215832873,0.0006250350433250393,0.0001818635328047167,0.00018186353280471673,1.0132966696371757e-06,1.0132966696371757e-06
LCN,El Salvador,LMC,21588556542.0,65.0,4.0,2.0,19.0,10.0,6164626.0,30100.0,1648996.18,,0.2674933045411027,3502.0058868129227,0.004882696857846688,7.638288260689958e-05,7.638288260689957e-05,1.3942571816434877e-06,1.3942571816434877e-06
ECS,San Marino,HIC,1746352442.0,5.35,5.61,0.9,82.54,5.6,33203.0,,17174.68,45.05,0.5172628979309098,52596.224497786345,,9.834601302089283e-06,9.834601302089283e-06,,
SSF,Somalia,LIC,4720000000.0,,,,0.0,,14317996.0,,2326099.17,,0.1624598281770717,329.65507184105934,,0.0004928176207627118,0.0004928176207627117,,
ECS,Serbia,UMC,41308012850.0,37.62,5.44,1.38,42.83,12.73,7095383.0,14388.0,1840000.0,0.76,0.2593235629422682,5821.815799090761,0.0020277975128333453,4.454341598763205e-05,4.454341598763204e-05,3.483101463206793e-07,3.4831014632067924e-07
SSF,South Sudan,LIC,4660000000.0,,,,0.0,,11177490.0,,2680681.0,,0.2398285303766767,416.9093419005519,,0.0005752534334763948,0.0005752534334763948,,
SSF,Sao Tome and Principe,LMC,256822056.3,,,,0.0,,191266.0,200.0,25586.5,,0.1337744293287882,1342.7480906172557,0.0010456641535871508,9.962734653176281e-05,9.962734653176281e-05,7.787493133626156e-07,7.787493133626154e-07
LCN,Suriname,UMC,4527379879.0,57.0,3.0,3.0,24.0,11.0,526103.0,5000.0,78619.8,,0.149438037798682,8605.500974143846,0.00950384240348373,1.7365408271718832e-05,1.7365408271718832e-05,1.1043915318862953e-06,1.1043915318862953e-06
ECS,Slovak Republic,HIC,104679000000.0,42.0,19.0,2.0,26.0,11.0,5423801.0,30911.0,1780000.0,7.62,0.3281831320876264,19299.93375494418,0.005699139773011583,1.7004365727605347e-05,1.7004365727605347e-05,2.9529322977865664e-07,2.9529322977865664e-07
ECS,Slovenia,HIC,50511749002.0,,,,0.0,,2063531.0,26359.0,926000.0,46.44,0.4487453786737393,24478.308783342727,0.012773735892506582,1.8332368573563654e-05,1.833236857356365e-05,5.218389883699398e-07,5.218389883699398e-07
ECS,Sweden,HIC,560387000000.0,23.34,9.15,9.2,51.73,6.58,9799186.0,721671.0,4380000.0,32.37,0.44697590187593134,57187.09696907478,0.07364601508737563,7.816027138388292e-06,7.816027138388292e-06,1.2878082468008716e-06,1.2878082468008716e-06
SSF,Eswatini,LMC,5246492516.0,,,,0.0,,1343098.0,5700.0,218199.47,,0.16245982795000813,3906.261878135475,0.004243919654410922,4.1589589489466834e-05,4.1589589489466834e-05,1.0864401278791417e-06,1.0864401278791417e-06
SSF,Seychelles,HIC,1287449683.0,48.5,5.2,4.6,32.4,9.9,88303.0,1100.0,48000.0,,0.5435828907285143,14579.908757346862,0.012457107912528452,3.728301046154361e-05,3.728301046154361e-05,8.54402323077041e-07,8.544023230770409e-07
MEA,Syrian Arab Republic,LIC,232000000000.0,57.0,3.0,4.0,29.0,7.0,20824893.0,,4500000.0,2.5,0.21608754484356774,11140.513423046159,,1.9396551724137932e-05,1.9396551724137932e-05,,
SSF,Chad,LIC,12642608725.0,70.0,1.0,2.0,21.0,6.0,11887202.0,8800.0,1358850.53,,0.1143120584642206,1063.5479000861599,0.0007402919543219674,0.00010748181483406622,0.00010748181483406622,6.960588745104899e-07,6.960588745104899e-07
SSF,Togo,LIC,4264876064.0,38.0,2.0,4.0,46.0,10.0,7228915.0,6400.0,1109030.45,2.0,0.1534158929797902,589.9745762676695,0.0008853334144888963,0.00026003814257614027,0.00026003814257614027,1.5006297730484297e-06,1.5006297730484297e-06
EAS,Thailand,UMC,407015000000.0,65.52,3.04,1.85,13.6,17.59,68657600.0,384233.0,26853366.0,19.1,0.39112007993288433,5928.185663349724,0.005596365151126751,6.597635467980295e-05,6.597635467980296e-05,9.440266329250765e-07,9.440266329250765e-07
ECS,Tajikistan,LIC,8458800788.0,,,,0.0,,8177809.0,,1787400.0,,0.2185671003076741,1034.3602776733965,,0.00021130654862278807,0.00021130654862278804,,
ECS,Turkmenistan,UMC,39563379206.0,16.18,4.64,11.44,65.55,2.19,5366277.0,22000.0,500000.0,,0.09317446713988115,7372.593551544209,0.004099676554154771,1.263794979181587e-05,1.2637949791815868e-05,5.560697908398982e-07,5.560697908398982e-07
EAS,Timor-Leste,LMC,3765074847.0,43.6,5.5,10.0,24.4,16.5,1268671.0,3600.0,63875.0,,0.05034796255293926,2967.731466235139,0.0028376151106157548,1.6965134186082755e-05,1.6965134186082755e-05,9.561562907224724e-07,9.561562907224724e-07
EAS,Tonga,UMC,406237705.3,51.3,5.9,9.0,20.4,13.4,104951.0,300.0,17238.2,,0.16424998332555193,3870.736870539585,0.002858476812988919,4.2433776518282236e-05,4.243377651828224e-05,7.384838878470299e-07,7.3848388784703e-07
LCN,Trinidad and Tobago,HIC,21519942195.0,27.15,10.15,3.74,39.79,19.17,1328100.0,71.07,727874.0,,0.548056622242301,16203.555601987802,5.3512536706573294e-05,3.382323211672549e-05,3.382323211672549e-05,3.3025181645939824e-09,3.302518164593982e-09
MEA,Tunisia,LMC,48682059522.0,68.0,2.0,4.0,15.0,11.0,11143908.0,90000.0,2700000.0,4.0,0.2422848429832694,4368.49079532961,0.008076161432775647,5.546190992145347e-05,5.546190992145346e-05,1.8487303307151155e-06,1.8487303307151155e-06
ECS,Turkey,UMC,1122510000000.0,64.0,2.0,1.0,30.0,3.0,78271472.0,623000.0,31300000.0,,0.39989026908807845,14341.24044581658,0.007959477240954405,2.7883938673152133e-05,2.7883938673152133e-05,5.550061914815903e-07,5.550061914815903e-07
EAS,Tuvalu,UMC,39216157.28,43.6,5.5,10.0,24.4,16.5,11097.0,10.0,3989.49,15.0,0.35951067856177343,3533.9422618725785,0.0009011444534558889,0.00010173077314830679,0.00010173077314830679,2.549969373235847e-07,2.549969373235847e-07
EAS,Taiwan,HIC,608130000000.0,23.34,4.11,3.07,49.15,20.23,23400000.0,14036.0,7340000.0,,0.31367521367521367,25988.46153846154,0.0005998290598290599,1.2069787709864668e-05,1.2069787709864666e-05,2.3080591320934668e-08,2.3080591320934668e-08
SSF,Tanzania,LIC,46775259596.0,,,,0.0,,49082997.0,38000.0,9276995.0,,0.18900628663730537,952.9829565215832,0.0007741988534237222,0.00019833123493329205,0.00019833123493329205,8.123952775079751e-07,8.123952775079751e-07
SSF,Uganda,LIC,27483055272.0,74.5,0.8,0.6,16.6,7.6,35093648.0,25000.0,7045049.84,6.0,0.20075000011398073,783.1347505394708,0.0007123796306385703,0.00025634158103147883,0.00025634158103147883,9.096514107538196e-07,9.096514107538197e-07
ECS,Ukraine,LMC,124000000000.0,37.0,5.0,4.0,47.0,7.0,45004645.0,277000.0,15242025.0,3.2,0.33867670770428254,2755.271150344592,0.00615492023101171,0.0001229195564516129,0.0001229195564516129,2.2338709677419354e-06,2.233870967741936e-06
LCN,Uruguay,HIC,48362932954.0,53.5,3.0,5.0,27.5,11.0,3431552.0,37000.0,1260139.51,8.0,0.3672214525672349,14093.60340568932,0.010782293259726211,2.6055895145949298e-05,2.6055895145949298e-05,7.650487209944906e-07,7.650487209944906e-07
NAC,USA,HIC,16920300000000.0,14.9,4.4,9.0,58.8,12.9,318563456.0,2440000.0,258000000.0,34.6,0.8098857390597872,53114.37856826867,0.007659384508937522,1.5247956596514246e-05,1.5247956596514247e-05,1.4420548099028976e-07,1.4420548099028976e-07
ECS,Uzbekistan,LMC,62469088152.0,40.0,3.0,2.0,40.5,2.5,29774500.0,,4000000.0,,0.134343145980621,2098.0734572201045,,6.403166939570474e-05,6.403166939570474e-05,,
LCN,St. Vincent and the Grenadines,UMC,729264939.6,49.6,5.6,3.8,32.6,8.4,109455.0,900.0,31561.35,,0.288350006852131,6662.6918788543235,0.008222557215293956,4.3278304339313667e-05,4.327830433931367e-05,1.2341193866986774e-06,1.2341193866986774e-06
LCN,"Venezuela, RB",UMC,98400000000.0,,,,0.0,,29893080.0,232700.0,9779093.14,,0.3271356829072147,3291.7317318924647,0.007784410304993664,9.938102784552846e-05,9.938102784552847e-05,2.364837398373984e-06,2.364837398373984e-06
EAS,Vietnam,LMC,164105000000.0,61.9,2.18,0.58,24.72,12.15,86932500.0,141000.0,9570300.0,23.0,0.11008886204814079,1887.7289851321427,0.001621948063152446,5.8318149964961456e-05,5.8318149964961456e-05,8.592059961609945e-07,8.592059961609945e-07
EAS,Vanuatu,LMC,777052317.5,73.4,5.4,3.8,10.95,6.45,270402.0,300.0,70225.49,37.0,0.25970773145169046,2873.6929368125975,0.0011094592495617635,9.037421087158652e-05,9.037421087158652e-05,3.8607439067318653e-07,3.8607439067318653e-07
EAS,Samoa,UMC,738041747.0,42.6,2.2,8.8,33.4,13.0,187665.0,500.0,27399.09,36.0,0.146,3932.7618202648337,0.0026643220632510058,3.712403818804575e-05,3.712403818804575e-05,6.774684522012547e-07,6.774684522012547e-07
ECS,Kosovo,LMC,7129271792.0,42.0,6.0,6.0,35.0,11.0,1801800.0,23.0,319000.0,,0.17704517704517705,3956.749801309801,1.2765012765012765e-05,4.474510290910227e-05,4.474510290910228e-05,3.2261359464243023e-09,3.2261359464243023e-09
MEA,"Yemen, Rep.",LIC,11927030389.0,65.0,1.0,6.0,18.0,10.0,27584213.0,42000.0,4836820.0,8.0,0.17534739889080758,432.3861039283593,0.0015226100523513214,0.00040553430671736004,0.00040553430671736004,3.5214130114680972e-06,3.5214130114680972e-06
SSF,South Africa,UMC,421209000000.0,16.38,5.2,16.91,54.42,7.09,51729345.36,321000.0,18457232.0,28.0,0.3568038967350272,8142.554232393248,0.006205375261682995,4.381965247656152e-05,4.381965247656151e-05,7.620919780916363e-07,7.620919780916363e-07
SSF,Zambia,LMC,27037168289.0,,,,0.0,,14264756.0,15000.0,2608268.0,,0.18284701119318128,1895.3824579263746,0.0010515426972602967,9.646971798674519e-05,9.646971798674519e-05,5.547918272973398e-07,5.547918272973399e-07
SSF,Zimbabwe,LIC,14818986231.0,36.0,5.0,6.0,30.0,23.0,12500525.0,13000.0,1449752.0,16.0,0.1159752890378604,1185.4691087774313,0.001039956321834483,9.783071374796529e-05,9.783071374796529e-05,8.772529913554517e-07,8.772529913554517e-07
